{"eval_loss": 0.7589588165283203, "_timestamp": 1742557849.318381, "_runtime": 49.79551315307617, "_step": 5170, "loss": 0.8851494789123535, "_wandb": {"runtime": 48}}