{"eval_loss": 0.8104578852653503, "_timestamp": 1742561212.4718816, "_runtime": 102.90670251846313, "_step": 10340, "loss": 0.7533400058746338, "_wandb": {"runtime": 101}}