{"eval_loss": 0.8011022806167603, "_timestamp": 1742556849.5809665, "_runtime": 99.32341051101685, "_step": 5170, "loss": 1.0214405059814453, "_wandb": {"runtime": 97}}