{"eval_loss": 0.5961610674858093, "_timestamp": 1742560847.2584789, "_runtime": 100.02590894699097, "_step": 10340, "loss": 0.5006873607635498, "_wandb": {"runtime": 98}}