{"eval_loss": 0.9809525609016418, "_timestamp": 1742557254.9037087, "_runtime": 17.484569787979126, "_step": 5170, "loss": 0.7357696294784546, "_wandb": {"runtime": 16}}