{"eval_loss": 8.158854484558105, "_timestamp": 1742552116.7440457, "_runtime": 64.29298162460327, "_step": 5169, "loss": 6.103982925415039, "_wandb": {"runtime": 138}}