{"eval_loss": 0.887458086013794, "_timestamp": 1742555339.279628, "_runtime": 118.01093196868896, "_step": 5170, "loss": 0.7283933758735657, "_wandb": {"runtime": 116}}