{"eval_loss": 0.7728384137153625, "_timestamp": 1742553822.6629832, "_runtime": 62.183393239974976, "_step": 5170, "loss": 0.6377274990081787, "_wandb": {"runtime": 60}}