{"eval_loss": 0.8794760704040527, "_timestamp": 1742553692.38352, "_runtime": 115.91360282897949, "_step": 5169, "loss": 0.7111353874206543, "_wandb": {"runtime": 114}}