{"eval_loss": 0.7559712529182434, "_timestamp": 1742556639.328804, "_runtime": 124.23382592201233, "_step": 5170, "loss": 0.7800942659378052, "_wandb": {"runtime": 122}}