{"eval_loss": 6.280106067657471, "_timestamp": 1742551690.2934568, "_runtime": 8.01154375076294, "_step": 0}