{"eval_loss": 0.6130372881889343, "_timestamp": 1742737914.3259242, "_runtime": 34.0336172580719, "_step": 5170, "loss": 0.7483261823654175, "_wandb": {"runtime": 32}}