{"eval_loss": 8.026566505432129, "_timestamp": 1742551664.393149, "_runtime": 8.165758848190308, "_step": 0, "_wandb": {"runtime": 6}}