{"eval_loss": 0.6208255290985107, "_timestamp": 1742557483.121327, "_runtime": 27.212838888168335, "_step": 10340, "loss": 0.6456734538078308, "_wandb": {"runtime": 25}}