{"eval_loss": 0.7839507460594177, "_timestamp": 1742552365.0140142, "_runtime": 63.9455451965332, "_step": 5169, "loss": 0.7408109903335571, "_wandb": {"runtime": 141}}