{"eval_loss": 1.6746699810028076, "_timestamp": 1742557717.788838, "_runtime": 45.28238582611084, "_step": 5170, "loss": 1.5608150959014893, "_wandb": {"runtime": 43}}