{"eval_loss": 27.117534637451172, "_timestamp": 1742551946.9926217, "_runtime": 8.349694728851318, "_step": 0}